use KarnelTravel
--Custommer
Insert into Customer(Customer_Id,Customer_LastName,Customer_FirstName,Customer_Bithday,Customer_Gender,Customer_Phone,Customer_Address,Customer_Email,Customer_Possport) values ('DTHUY','Tuan','Huy','1/2/1997',1,'(+84)925028450','Tien Thuy, Chau Thanh, Ben Tre','yami@gmail.com','A001849');
Insert into Customer(Customer_Id,Customer_LastName,Customer_FirstName,Customer_Bithday,Customer_Gender,Customer_Phone,Customer_Address,Customer_Email,Customer_Possport) values ('NTYN','Nhi','Yen','8/31/1996',0,'(+84)925028150','Can Tho','yamino@gmail.com','A001867');
Insert into Customer(Customer_Id,Customer_LastName,Customer_FirstName,Customer_Bithday,Customer_Gender,Customer_Phone,Customer_Address,Customer_Email,Customer_Possport) values ('PNHS','Son','Pham','12/31/1998',1,'(+84)925028445','Hong Nghu','yamishiba@gmail.com','A001849');
Insert into Customer(Customer_Id,Customer_LastName,Customer_FirstName,Customer_Bithday,Customer_Gender,Customer_Phone,Customer_Address,Customer_Email,Customer_Possport) values ('TTP','Tran','Phong','11/2/1991',1,'(+84)925128450','Phong Dien','hikari@gmail.com','A001843');
Insert into Customer(Customer_Id,Customer_LastName,Customer_FirstName,Customer_Bithday,Customer_Gender,Customer_Phone,Customer_Address,Customer_Email,Customer_Possport) values ('TTT','Thai','Tan','1/2/1995',1,'(+84)925028441','Ca Mau, Minh Hai','fuu@gmail.com','A101849');
Insert into Customer(Customer_Id,Customer_LastName,Customer_FirstName,Customer_Bithday,Customer_Gender,Customer_Phone,Customer_Address,Customer_Email,Customer_Possport) values ('NDT','Trung','Duc','1/4/1998',1,'(+84)925828450','Kien Giang, An Giang','yamiku@gmail.com','A0301849');
Insert into Customer(Customer_Id,Customer_LastName,Customer_FirstName,Customer_Bithday,Customer_Gender,Customer_Phone,Customer_Address,Customer_Email,Customer_Possport) values ('NAT','Tuan','Anh','1/2/1995',1,'(+84)925029450','Ninh Kieu,Can Tho','yamino@gmail.com','B001849');
Insert into Customer(Customer_Id,Customer_LastName,Customer_FirstName,Customer_Bithday,Customer_Gender,Customer_Phone,Customer_Address,Customer_Email,Customer_Possport) values ('OTML','Linh','My','1/2/1978',1,'(+84)925038450','Go Cong, Tien Giang','otmlinh@cusc.ctu.edu.com','C001849');
Insert into Customer(Customer_Id,Customer_LastName,Customer_FirstName,Customer_Bithday,Customer_Gender,Customer_Phone,Customer_Address,Customer_Email,Customer_Possport) values ('LHH','Huong','Luong','1/2/1988',1,'(+84)925028454','CaiRang, Can Tho','huongluonf@gmail.com','D001849');
Insert into Customer(Customer_Id,Customer_LastName,Customer_FirstName,Customer_Bithday,Customer_Gender,Customer_Phone,Customer_Address,Customer_Email,Customer_Possport) values ('NHH24','Hai','24','1/2/1993',1,'(+84)925088450','Yen Bai','nana@gmail.com','R001849');
Insert into Customer(Customer_Id,Customer_LastName,Customer_FirstName,Customer_Bithday,Customer_Gender,Customer_Phone,Customer_Address,Customer_Email,Customer_Possport) values ('DTHUY1','Tuan','Huy','1/2/1997',1,'(+84)925028450','Tien Thuy, Chau Thanh, Ben Tre','yami@gmail.com','A001849');
Insert into Customer(Customer_Id,Customer_LastName,Customer_FirstName,Customer_Bithday,Customer_Gender,Customer_Phone,Customer_Address,Customer_Email,Customer_Possport) values ('NTYN1','Nhi','Yen','8/31/1996',0,'(+84)925028150','Can Tho','yamino@gmail.com','A001867');
Insert into Customer(Customer_Id,Customer_LastName,Customer_FirstName,Customer_Bithday,Customer_Gender,Customer_Phone,Customer_Address,Customer_Email,Customer_Possport) values ('PNHS1','Son','Pham','12/31/1998',1,'(+84)925028445','Hong Nghu','yamishiba@gmail.com','A001849');
Insert into Customer(Customer_Id,Customer_LastName,Customer_FirstName,Customer_Bithday,Customer_Gender,Customer_Phone,Customer_Address,Customer_Email,Customer_Possport) values ('TTP1','Tran','Phong','11/2/1991',1,'(+84)925128450','Phong Dien','hikari@gmail.com','A001843');
Insert into Customer(Customer_Id,Customer_LastName,Customer_FirstName,Customer_Bithday,Customer_Gender,Customer_Phone,Customer_Address,Customer_Email,Customer_Possport) values ('TTT1','Thai','Tan','1/2/1995',1,'(+84)925028441','Ca Mau, Minh Hai','fuu@gmail.com','A101849');
Insert into Customer(Customer_Id,Customer_LastName,Customer_FirstName,Customer_Bithday,Customer_Gender,Customer_Phone,Customer_Address,Customer_Email,Customer_Possport) values ('NDT1','Trung','Duc','1/4/1998',1,'(+84)925828450','Kien Giang, An Giang','yamiku@gmail.com','A0301849');
Insert into Customer(Customer_Id,Customer_LastName,Customer_FirstName,Customer_Bithday,Customer_Gender,Customer_Phone,Customer_Address,Customer_Email,Customer_Possport) values ('NAT1','Tuan','Anh','1/2/1995',1,'(+84)925029450','Ninh Kieu,Can Tho','yamino@gmail.com','B001849');
Insert into Customer(Customer_Id,Customer_LastName,Customer_FirstName,Customer_Bithday,Customer_Gender,Customer_Phone,Customer_Address,Customer_Email,Customer_Possport) values ('OTML1','Linh','My','1/2/1978',1,'(+84)925038450','Go Cong, Tien Giang','otmlinh@cusc.ctu.edu.com','C001849');
Insert into Customer(Customer_Id,Customer_LastName,Customer_FirstName,Customer_Bithday,Customer_Gender,Customer_Phone,Customer_Address,Customer_Email,Customer_Possport) values ('LHH1','Huong','Luong','1/2/1988',1,'(+84)925028454','CaiRang, Can Tho','huongluonf@gmail.com','D001849');
Insert into Customer(Customer_Id,Customer_LastName,Customer_FirstName,Customer_Bithday,Customer_Gender,Customer_Phone,Customer_Address,Customer_Email,Customer_Possport) values ('NHH','Hai','24','1/2/1993',1,'(+84)925088450','Yen Bai','nana@gmail.com','R001849');
Insert into Customer(Customer_Id,Customer_LastName,Customer_FirstName,Customer_Bithday,Customer_Gender,Customer_Phone,Customer_Address,Customer_Email,Customer_Possport) values ('DTHUY2','Tuan','Huy','1/2/1997',1,'(+84)925028450','Tien Thuy, Chau Thanh, Ben Tre','yami@gmail.com','A001849');
Insert into Customer(Customer_Id,Customer_LastName,Customer_FirstName,Customer_Bithday,Customer_Gender,Customer_Phone,Customer_Address,Customer_Email,Customer_Possport) values ('NTYN2','Nhi','Yen','8/31/1996',0,'(+84)925028150','Can Tho','yamino@gmail.com','A001867');
Insert into Customer(Customer_Id,Customer_LastName,Customer_FirstName,Customer_Bithday,Customer_Gender,Customer_Phone,Customer_Address,Customer_Email,Customer_Possport) values ('PNHS2','Son','Pham','12/31/1998',1,'(+84)925028445','Hong Nghu','yamishiba@gmail.com','A001849');
Insert into Customer(Customer_Id,Customer_LastName,Customer_FirstName,Customer_Bithday,Customer_Gender,Customer_Phone,Customer_Address,Customer_Email,Customer_Possport) values ('TTP2','Tran','Phong','11/2/1991',1,'(+84)925128450','Phong Dien','hikari@gmail.com','A001843');
Insert into Customer(Customer_Id,Customer_LastName,Customer_FirstName,Customer_Bithday,Customer_Gender,Customer_Phone,Customer_Address,Customer_Email,Customer_Possport) values ('TTT2','Thai','Tan','1/2/1995',1,'(+84)925028441','Ca Mau, Minh Hai','fuu@gmail.com','A101849');
Insert into Customer(Customer_Id,Customer_LastName,Customer_FirstName,Customer_Bithday,Customer_Gender,Customer_Phone,Customer_Address,Customer_Email,Customer_Possport) values ('NDT2','Trung','Duc','1/4/1998',1,'(+84)925828450','Kien Giang, An Giang','yamiku@gmail.com','A0301849');
Insert into Customer(Customer_Id,Customer_LastName,Customer_FirstName,Customer_Bithday,Customer_Gender,Customer_Phone,Customer_Address,Customer_Email,Customer_Possport) values ('NAT2','Tuan','Anh','1/2/1995',1,'(+84)925029450','Ninh Kieu,Can Tho','yamino@gmail.com','B001849');
Insert into Customer(Customer_Id,Customer_LastName,Customer_FirstName,Customer_Bithday,Customer_Gender,Customer_Phone,Customer_Address,Customer_Email,Customer_Possport) values ('OTML2','Linh','My','1/2/1978',1,'(+84)925038450','Go Cong, Tien Giang','otmlinh@cusc.ctu.edu.com','C001849');
Insert into Customer(Customer_Id,Customer_LastName,Customer_FirstName,Customer_Bithday,Customer_Gender,Customer_Phone,Customer_Address,Customer_Email,Customer_Possport) values ('LHH22','Huong','Luong','1/2/1988',1,'(+84)925028454','CaiRang, Can Tho','huongluonf@gmail.com','D001849');
Insert into Customer(Customer_Id,Customer_LastName,Customer_FirstName,Customer_Bithday,Customer_Gender,Customer_Phone,Customer_Address,Customer_Email,Customer_Possport) values ('NHH242','Hai','24','1/2/1993',1,'(+84)925088450','Yen Bai','nana@gmail.com','R001849');
Insert into Customer(Customer_Id,Customer_LastName,Customer_FirstName,Customer_Bithday,Customer_Gender,Customer_Phone,Customer_Address,Customer_Email,Customer_Possport) values ('DTHUY3','Tuan','Huy','1/2/1997',1,'(+84)925028450','Tien Thuy, Chau Thanh, Ben Tre','yami@gmail.com','A001849');
Insert into Customer(Customer_Id,Customer_LastName,Customer_FirstName,Customer_Bithday,Customer_Gender,Customer_Phone,Customer_Address,Customer_Email,Customer_Possport) values ('NTYN3','Nhi','Yen','8/31/1996',0,'(+84)925028150','Can Tho','yamino@gmail.com','A001867');
Insert into Customer(Customer_Id,Customer_LastName,Customer_FirstName,Customer_Bithday,Customer_Gender,Customer_Phone,Customer_Address,Customer_Email,Customer_Possport) values ('PNHS3','Son','Pham','12/31/1998',1,'(+84)925028445','Hong Nghu','yamishiba@gmail.com','A001849');
Insert into Customer(Customer_Id,Customer_LastName,Customer_FirstName,Customer_Bithday,Customer_Gender,Customer_Phone,Customer_Address,Customer_Email,Customer_Possport) values ('TTP3','Tran','Phong','11/2/1991',1,'(+84)925128450','Phong Dien','hikari@gmail.com','A001843');
Insert into Customer(Customer_Id,Customer_LastName,Customer_FirstName,Customer_Bithday,Customer_Gender,Customer_Phone,Customer_Address,Customer_Email,Customer_Possport) values ('TTT3','Thai','Tan','1/2/1995',1,'(+84)925028441','Ca Mau, Minh Hai','fuu@gmail.com','A101849');
Insert into Customer(Customer_Id,Customer_LastName,Customer_FirstName,Customer_Bithday,Customer_Gender,Customer_Phone,Customer_Address,Customer_Email,Customer_Possport) values ('NDT3','Trung','Duc','1/4/1998',1,'(+84)925828450','Kien Giang, An Giang','yamiku@gmail.com','A0301849');
Insert into Customer(Customer_Id,Customer_LastName,Customer_FirstName,Customer_Bithday,Customer_Gender,Customer_Phone,Customer_Address,Customer_Email,Customer_Possport) values ('NAT3','Tuan','Anh','1/2/1995',1,'(+84)925029450','Ninh Kieu,Can Tho','yamino@gmail.com','B001849');
Insert into Customer(Customer_Id,Customer_LastName,Customer_FirstName,Customer_Bithday,Customer_Gender,Customer_Phone,Customer_Address,Customer_Email,Customer_Possport) values ('OTML3','Linh','My','1/2/1978',1,'(+84)925038450','Go Cong, Tien Giang','otmlinh@cusc.ctu.edu.com','C001849');
Insert into Customer(Customer_Id,Customer_LastName,Customer_FirstName,Customer_Bithday,Customer_Gender,Customer_Phone,Customer_Address,Customer_Email,Customer_Possport) values ('LHH3','Huong','Luong','1/2/1988',1,'(+84)925028454','CaiRang, Can Tho','huongluonf@gmail.com','D001849');
Insert into Customer(Customer_Id,Customer_LastName,Customer_FirstName,Customer_Bithday,Customer_Gender,Customer_Phone,Customer_Address,Customer_Email,Customer_Possport) values ('NHH243','Hai','24','1/2/1993',1,'(+84)925088450','Yen Bai','nana@gmail.com','R001849');
--Location
INSERT INTO Location([Location_Id],[Location_Name],[Location_Location]) VALUES ('AS1','North Viet Nam',N'Phú Quốc Côn Đảo');
INSERT INTO Location([Location_Id],[Location_Name],[Location_Location]) VALUES ('AS2','North Viet Nam',N'Phú Quốc Côn Đảo');
INSERT INTO Location([Location_Id],[Location_Name],[Location_Location]) VALUES ('AS3','North Viet Nam',N'Phú Quốc Côn Đảo');
INSERT INTO Location([Location_Id],[Location_Name],[Location_Location]) VALUES ('AS4','North Viet Nam',N'Phú Quốc Côn Đảo');
INSERT INTO Location([Location_Id],[Location_Name],[Location_Location]) VALUES ('AS5','North Viet Nam',N'Phú Quốc Côn Đảo');
INSERT INTO Location([Location_Id],[Location_Name],[Location_Location]) VALUES ('AS6','North Viet Nam',N'Phú Quốc Côn Đảo');
INSERT INTO Location([Location_Id],[Location_Name],[Location_Location]) VALUES ('AS7','North Viet Nam',N'Phú Quốc Côn Đảo');
INSERT INTO Location([Location_Id],[Location_Name],[Location_Location]) VALUES ('AS8','North Viet Nam',N'Phú Quốc Côn Đảo');
INSERT INTO Location([Location_Id],[Location_Name],[Location_Location]) VALUES ('AS9','North Viet Nam',N'Phú Quốc Côn Đảo');
INSERT INTO Location([Location_Id],[Location_Name],[Location_Location]) VALUES ('AS10','North Viet Nam',N'Phú Quốc Côn Đảo');
INSERT INTO Location([Location_Id],[Location_Name],[Location_Location]) VALUES ('AS11','North Viet Nam',N'Phú Quốc Côn Đảo');
--Location
INSERT INTO Location([Location_Id],[Location_Name],[Location_Location]) VALUES('LC1','Southern VietNam','Mekong Delta');
INSERT INTO Location([Location_Id],[Location_Name],[Location_Location]) VALUES('LC2','North VietNam','Red river delta');
INSERT INTO Location([Location_Id],[Location_Name],[Location_Location]) VALUES('LC3','Northwest VietNam','North-west forest');
INSERT INTO Location([Location_Id],[Location_Name],[Location_Location]) VALUES('LC4','Beach VietNam','Central');
-- Tourist Spot
INSERT INTO TouristSpot([TouristSpot_Id],[TouristSpot_Name],[TouristSpot_Specific],[Location_Id])VALUES('TS1','Mekong Delta River','Private 3-Day','LC1');
INSERT INTO TouristSpot([TouristSpot_Id],[TouristSpot_Name],[TouristSpot_Specific],[Location_Id])VALUES('TS2','Plateau Son La','Private 6-Day','LC2');
INSERT INTO TouristSpot([TouristSpot_Id],[TouristSpot_Name],[TouristSpot_Specific],[Location_Id])VALUES('TS3','Da Lat','Private 16-Day','LC4');
INSERT INTO TouristSpot([TouristSpot_Id],[TouristSpot_Name],[TouristSpot_Specific],[Location_Id])VALUES('TS4','Mountain','Mrs. Black Mountain','LC2');
INSERT INTO TouristSpot([TouristSpot_Id],[TouristSpot_Name],[TouristSpot_Specific],[Location_Id])VALUES('TS5','Beach','Vung Tau sea','LC4');
INSERT INTO TouristSpot([TouristSpot_Id],[TouristSpot_Name],[TouristSpot_Specific],[Location_Id])VALUES('TS6','Mountain','Mrs. Black Mountain','LC2');
INSERT INTO TouristSpot([TouristSpot_Id],[TouristSpot_Name],[TouristSpot_Specific],[Location_Id])VALUES('TS7','Beach','Vung Tau sea','LC4');
INSERT INTO TouristSpot([TouristSpot_Id],[TouristSpot_Name],[TouristSpot_Specific],[Location_Id])VALUES('TS8','Plateau Son La','Private 6-Day','LC2');
INSERT INTO TouristSpot([TouristSpot_Id],[TouristSpot_Name],[TouristSpot_Specific],[Location_Id])VALUES('TS9','Mountain','Mrs. Black Mountain','LC2');
INSERT INTO TouristSpot([TouristSpot_Id],[TouristSpot_Name],[TouristSpot_Specific],[Location_Id])VALUES('TS10','Beach','Vung Tau sea','LC4');
INSERT INTO TouristSpot([TouristSpot_Id],[TouristSpot_Name],[TouristSpot_Specific],[Location_Id])VALUES('TS11','Mountain','Mrs. Black Mountain','LC2');
INSERT INTO TouristSpot([TouristSpot_Id],[TouristSpot_Name],[TouristSpot_Specific],[Location_Id])VALUES('TS12','Beach','Vung Tau sea','LC4');
INSERT INTO TouristSpot([TouristSpot_Id],[TouristSpot_Name],[TouristSpot_Specific],[Location_Id])VALUES('TS13','Plateau Son La','Private 6-Day','LC2');
INSERT INTO TouristSpot([TouristSpot_Id],[TouristSpot_Name],[TouristSpot_Specific],[Location_Id])VALUES('TS14','Mountain','Mrs. Black Mountain','LC2');
INSERT INTO TouristSpot([TouristSpot_Id],[TouristSpot_Name],[TouristSpot_Specific],[Location_Id])VALUES('TS15','Beach','Vung Tau sea','LC4');
INSERT INTO TouristSpot([TouristSpot_Id],[TouristSpot_Name],[TouristSpot_Specific],[Location_Id])VALUES('TS16','Mountain','Mrs. Black Mountain','LC2');
INSERT INTO TouristSpot([TouristSpot_Id],[TouristSpot_Name],[TouristSpot_Specific],[Location_Id])VALUES('TS17','Beach','Vung Tau sea','LC4');
INSERT INTO TouristSpot([TouristSpot_Id],[TouristSpot_Name],[TouristSpot_Specific],[Location_Id])VALUES('TS18','Plateau Son La','Private 6-Day','LC2');
INSERT INTO TouristSpot([TouristSpot_Id],[TouristSpot_Name],[TouristSpot_Specific],[Location_Id])VALUES('TS19','Mountain','Mrs. Black Mountain','LC2');
INSERT INTO TouristSpot([TouristSpot_Id],[TouristSpot_Name],[TouristSpot_Specific],[Location_Id])VALUES('TS20','Beach','Vung Tau sea','LC4');
INSERT INTO TouristSpot([TouristSpot_Id],[TouristSpot_Name],[TouristSpot_Specific],[Location_Id])VALUES('TS21','Mountain','Mrs. Black Mountain','LC2');
INSERT INTO TouristSpot([TouristSpot_Id],[TouristSpot_Name],[TouristSpot_Specific],[Location_Id])VALUES('TS22','Beach','Vung Tau sea','LC4');
INSERT INTO TouristSpot([TouristSpot_Id],[TouristSpot_Name],[TouristSpot_Specific],[Location_Id])VALUES('TS23','Beach','Vung Tau sea','LC4');
INSERT INTO TouristSpot([TouristSpot_Id],[TouristSpot_Name],[TouristSpot_Specific],[Location_Id])VALUES('TS24','Plateau Son La','Private 6-Day','LC2');
INSERT INTO TouristSpot([TouristSpot_Id],[TouristSpot_Name],[TouristSpot_Specific],[Location_Id])VALUES('TS25','Mountain','Mrs. Black Mountain','LC2');
INSERT INTO TouristSpot([TouristSpot_Id],[TouristSpot_Name],[TouristSpot_Specific],[Location_Id])VALUES('TS26','Beach','Vung Tau sea','LC4');
INSERT INTO TouristSpot([TouristSpot_Id],[TouristSpot_Name],[TouristSpot_Specific],[Location_Id])VALUES('TS27','Mountain','Mrs. Black Mountain','LC2');
INSERT INTO TouristSpot([TouristSpot_Id],[TouristSpot_Name],[TouristSpot_Specific],[Location_Id])VALUES('TS28','Beach','Vung Tau sea','LC4');
INSERT INTO TouristSpot([TouristSpot_Id],[TouristSpot_Name],[TouristSpot_Specific],[Location_Id])VALUES('TS29','Plateau Son La','Private 6-Day','LC2');
INSERT INTO TouristSpot([TouristSpot_Id],[TouristSpot_Name],[TouristSpot_Specific],[Location_Id])VALUES('TS30','Mountain','Mrs. Black Mountain','LC2');
INSERT INTO TouristSpot([TouristSpot_Id],[TouristSpot_Name],[TouristSpot_Specific],[Location_Id])VALUES('TS31','Beach','Vung Tau sea','LC4');
INSERT INTO TouristSpot([TouristSpot_Id],[TouristSpot_Name],[TouristSpot_Specific],[Location_Id])VALUES('TS32','Mountain','Mrs. Black Mountain','LC2');
INSERT INTO TouristSpot([TouristSpot_Id],[TouristSpot_Name],[TouristSpot_Specific],[Location_Id])VALUES('TS33','Beach','Vung Tau sea','LC4');
--Hotels
INSERT INTO Hotels([Hotel_Id],[Hotel_Name],[TouristSpot_Id]) VALUES('HT2','Vinpearl Hotel Can Tho','TS1');

INSERT INTO Hotels([Hotel_Id],[Hotel_Name],[Hotel_Address],[Hotel_Details],[TouristSpot_Id]) VALUES('HT3','Azerai Can Tho','Con Au, Hung Phu ward, Cai Rang District, Can Tho','Hotels Azerai resort - the first luxury hotel in the Mekong Delta is managed and operated by the brand Azerai - super luxury resort chain Aman Resort global reputation. The hotel has 60 bungalows, all with open space with glass interior with neutral colors allowing guests to enjoy maximum natural sunlight outside. Additionally Hotels Azerai also provide additional services such as: swimming pool, spa, gym, yoga room and Zen, tennis courts, a restaurant with a wide selection of cuisines, hair salon, shop Souvenir shop and also other interesting services.','TS1');
INSERT INTO Hotels([Hotel_Id],[Hotel_Name],[Hotel_Address],[Hotel_Details],[TouristSpot_Id]) VALUES('HT4','Iris Can Tho','224 30/4 Street, Xuan Khanh Ward, Ninh Kieu District, Can Tho','Hotel Iris has 73 rooms including room Rating: VIP Suite, Deluxe, Superior Executive, Superior Premium, Superior. The rooms are equipped with modern amenities items in the cozy, harmonious. You will have moments of great relaxation in the luxury space and offering a dedicated service. Iris Tho has a system of leisure services and entertainment to please guests. You can sign up for tours to famous landmarks in Can Tho, explore the river region. Funding or singing with family and friends in the karaoke room equipped with professional sound. Last day or relax with a spa treatment course from the professional staff of Iris. The hotel restaurant serves European cuisine - attractive Asian diners. Coffee Lounge serves light snacks and coffee.','TS1');
INSERT INTO Hotels([Hotel_Id],[Hotel_Name],[Hotel_Address],[Hotel_Details],[TouristSpot_Id]) VALUES('HT5','Azerai Can Tho','Con Au, Hung Phu ward, Cai Rang District, Can Tho','Hotels Azerai resort - the first luxury hotel in the Mekong Delta is managed and operated by the brand Azerai - super luxury resort chain Aman Resort global reputation. The hotel has 60 bungalows, all with open space with glass interior with neutral colors allowing guests to enjoy maximum natural sunlight outside. Additionally Hotels Azerai also provide additional services such as: swimming pool, spa, gym, yoga room and Zen, tennis courts, a restaurant with a wide selection of cuisines, hair salon, shop Souvenir shop and also other interesting services.','TS1');
INSERT INTO Hotels([Hotel_Id],[Hotel_Name],[Hotel_Address],[Hotel_Details],[TouristSpot_Id]) VALUES('HT6','Azerai Can Tho','Con Au, Hung Phu ward, Cai Rang District, Can Tho','Hotels Azerai resort - the first luxury hotel in the Mekong Delta is managed and operated by the brand Azerai - super luxury resort chain Aman Resort global reputation. The hotel has 60 bungalows, all with open space with glass interior with neutral colors allowing guests to enjoy maximum natural sunlight outside. Additionally Hotels Azerai also provide additional services such as: swimming pool, spa, gym, yoga room and Zen, tennis courts, a restaurant with a wide selection of cuisines, hair salon, shop Souvenir shop and also other interesting services.','TS1');
INSERT INTO Hotels([Hotel_Id],[Hotel_Name],[Hotel_Address],[Hotel_Details],[TouristSpot_Id]) VALUES('HT7','Azerai Can Tho','Con Au, Hung Phu ward, Cai Rang District, Can Tho','Hotels Azerai resort - the first luxury hotel in the Mekong Delta is managed and operated by the brand Azerai - super luxury resort chain Aman Resort global reputation. The hotel has 60 bungalows, all with open space with glass interior with neutral colors allowing guests to enjoy maximum natural sunlight outside. Additionally Hotels Azerai also provide additional services such as: swimming pool, spa, gym, yoga room and Zen, tennis courts, a restaurant with a wide selection of cuisines, hair salon, shop Souvenir shop and also other interesting services.','TS1');
INSERT INTO Hotels([Hotel_Id],[Hotel_Name],[Hotel_Address],[Hotel_Details],[TouristSpot_Id]) VALUES('HT8','Azerai Can Tho','Con Au, Hung Phu ward, Cai Rang District, Can Tho','Hotels Azerai resort - the first luxury hotel in the Mekong Delta is managed and operated by the brand Azerai - super luxury resort chain Aman Resort global reputation. The hotel has 60 bungalows, all with open space with glass interior with neutral colors allowing guests to enjoy maximum natural sunlight outside. Additionally Hotels Azerai also provide additional services such as: swimming pool, spa, gym, yoga room and Zen, tennis courts, a restaurant with a wide selection of cuisines, hair salon, shop Souvenir shop and also other interesting services.','TS1');
INSERT INTO Hotels([Hotel_Id],[Hotel_Name],[Hotel_Address],[Hotel_Details],[TouristSpot_Id]) VALUES('HT9','Azerai Can Tho','Con Au, Hung Phu ward, Cai Rang District, Can Tho','Hotels Azerai resort - the first luxury hotel in the Mekong Delta is managed and operated by the brand Azerai - super luxury resort chain Aman Resort global reputation. The hotel has 60 bungalows, all with open space with glass interior with neutral colors allowing guests to enjoy maximum natural sunlight outside. Additionally Hotels Azerai also provide additional services such as: swimming pool, spa, gym, yoga room and Zen, tennis courts, a restaurant with a wide selection of cuisines, hair salon, shop Souvenir shop and also other interesting services.','TS1');
INSERT INTO Hotels([Hotel_Id],[Hotel_Name],[Hotel_Address],[Hotel_Details],[TouristSpot_Id]) VALUES('HT10','Azerai Can Tho','Con Au, Hung Phu ward, Cai Rang District, Can Tho','Hotels Azerai resort - the first luxury hotel in the Mekong Delta is managed and operated by the brand Azerai - super luxury resort chain Aman Resort global reputation. The hotel has 60 bungalows, all with open space with glass interior with neutral colors allowing guests to enjoy maximum natural sunlight outside. Additionally Hotels Azerai also provide additional services such as: swimming pool, spa, gym, yoga room and Zen, tennis courts, a restaurant with a wide selection of cuisines, hair salon, shop Souvenir shop and also other interesting services.','TS1');
INSERT INTO Hotels([Hotel_Id],[Hotel_Name],[Hotel_Address],[Hotel_Details],[TouristSpot_Id]) VALUES('HT11','Azerai Can Tho','Con Au, Hung Phu ward, Cai Rang District, Can Tho','Hotels Azerai resort - the first luxury hotel in the Mekong Delta is managed and operated by the brand Azerai - super luxury resort chain Aman Resort global reputation. The hotel has 60 bungalows, all with open space with glass interior with neutral colors allowing guests to enjoy maximum natural sunlight outside. Additionally Hotels Azerai also provide additional services such as: swimming pool, spa, gym, yoga room and Zen, tennis courts, a restaurant with a wide selection of cuisines, hair salon, shop Souvenir shop and also other interesting services.','TS1');
INSERT INTO Hotels([Hotel_Id],[Hotel_Name],[Hotel_Address],[Hotel_Details],[TouristSpot_Id]) VALUES('HT12','Azerai Can Tho','Con Au, Hung Phu ward, Cai Rang District, Can Tho','Hotels Azerai resort - the first luxury hotel in the Mekong Delta is managed and operated by the brand Azerai - super luxury resort chain Aman Resort global reputation. The hotel has 60 bungalows, all with open space with glass interior with neutral colors allowing guests to enjoy maximum natural sunlight outside. Additionally Hotels Azerai also provide additional services such as: swimming pool, spa, gym, yoga room and Zen, tennis courts, a restaurant with a wide selection of cuisines, hair salon, shop Souvenir shop and also other interesting services.','TS1');
INSERT INTO Hotels([Hotel_Id],[Hotel_Name],[Hotel_Address],[Hotel_Details],[TouristSpot_Id]) VALUES('HT13','Azerai Can Tho','Con Au, Hung Phu ward, Cai Rang District, Can Tho','Hotels Azerai resort - the first luxury hotel in the Mekong Delta is managed and operated by the brand Azerai - super luxury resort chain Aman Resort global reputation. The hotel has 60 bungalows, all with open space with glass interior with neutral colors allowing guests to enjoy maximum natural sunlight outside. Additionally Hotels Azerai also provide additional services such as: swimming pool, spa, gym, yoga room and Zen, tennis courts, a restaurant with a wide selection of cuisines, hair salon, shop Souvenir shop and also other interesting services.','TS1');
INSERT INTO Hotels([Hotel_Id],[Hotel_Name],[Hotel_Address],[Hotel_Details],[TouristSpot_Id]) VALUES('HT14','Azerai Can Tho','Con Au, Hung Phu ward, Cai Rang District, Can Tho','Hotels Azerai resort - the first luxury hotel in the Mekong Delta is managed and operated by the brand Azerai - super luxury resort chain Aman Resort global reputation. The hotel has 60 bungalows, all with open space with glass interior with neutral colors allowing guests to enjoy maximum natural sunlight outside. Additionally Hotels Azerai also provide additional services such as: swimming pool, spa, gym, yoga room and Zen, tennis courts, a restaurant with a wide selection of cuisines, hair salon, shop Souvenir shop and also other interesting services.','TS2');
---Room
INSERT INTO Rooms([Room_Id],[Room_Type],[Room_Name],[Room_Start], [Room_Stop],[Room_Cost],[Hotel_Id])VALUES('R01','Five Start','001','6:00','23:00',100000000,'HT14');
INSERT INTO Rooms([Room_Id],[Room_Type],[Room_Name],[Room_Start], [Room_Stop],[Room_Cost],[Hotel_Id])VALUES('R02','Five Start','001','6:00','23:00',100000000,'HT14');
INSERT INTO Rooms([Room_Id],[Room_Type],[Room_Name],[Room_Start], [Room_Stop],[Room_Cost],[Hotel_Id])VALUES('R03','Five Start','001','6:00','23:00',100000000,'HT14');
INSERT INTO Rooms([Room_Id],[Room_Type],[Room_Name],[Room_Start], [Room_Stop],[Room_Cost],[Hotel_Id])VALUES('R04','Five Start','001','6:00','23:00',100000000,'HT14');
INSERT INTO Rooms([Room_Id],[Room_Type],[Room_Name],[Room_Start], [Room_Stop],[Room_Cost],[Hotel_Id])VALUES('R05','Five Start','001','6:00','23:00',100000000,'HT14');
INSERT INTO Rooms([Room_Id],[Room_Type],[Room_Name],[Room_Start], [Room_Stop],[Room_Cost],[Hotel_Id])VALUES('R06','Five Start','001','6:00','23:00',100000000,'HT14');
INSERT INTO Rooms([Room_Id],[Room_Type],[Room_Name],[Room_Start], [Room_Stop],[Room_Cost],[Hotel_Id])VALUES('R07','Five Start','001','6:00','23:00',100000000,'HT14');
INSERT INTO Rooms([Room_Id],[Room_Type],[Room_Name],[Room_Start], [Room_Stop],[Room_Cost],[Hotel_Id])VALUES('R08','Five Start','001','6:00','23:00',100000000,'HT14');
INSERT INTO Rooms([Room_Id],[Room_Type],[Room_Name],[Room_Start], [Room_Stop],[Room_Cost],[Hotel_Id])VALUES('R09','Five Start','001','6:00','23:00',100000000,'HT14');
INSERT INTO Rooms([Room_Id],[Room_Type],[Room_Name],[Room_Start], [Room_Stop],[Room_Cost],[Hotel_Id])VALUES('R10','Five Start','001','6:00','23:00',100000000,'HT14');
INSERT INTO Rooms([Room_Id],[Room_Type],[Room_Name],[Room_Start], [Room_Stop],[Room_Cost],[Hotel_Id])VALUES('R11','Five Start','001','6:00','23:00',100000000,'HT14');
INSERT INTO Rooms([Room_Id],[Room_Type],[Room_Name],[Room_Start], [Room_Stop],[Room_Cost],[Hotel_Id])VALUES('R12','Five Start','001','6:00','23:00',100000000,'HT14');
INSERT INTO Rooms([Room_Id],[Room_Type],[Room_Name],[Room_Start], [Room_Stop],[Room_Cost],[Hotel_Id])VALUES('R13','Five Start','001','6:00','23:00',100000000,'HT14');
INSERT INTO Rooms([Room_Id],[Room_Type],[Room_Name],[Room_Start], [Room_Stop],[Room_Cost],[Hotel_Id])VALUES('R14','Five Start','001','6:00','23:00',100000000,'HT14');
INSERT INTO Rooms([Room_Id],[Room_Type],[Room_Name],[Room_Start], [Room_Stop],[Room_Cost],[Hotel_Id])VALUES('R15','Five Start','001','6:00','23:00',100000000,'HT14');
INSERT INTO Rooms([Room_Id],[Room_Type],[Room_Name],[Room_Start], [Room_Stop],[Room_Cost],[Hotel_Id])VALUES('R16','Five Start','001','6:00','23:00',100000000,'HT14');
-- Trip
INSERT INTO Trip([Trip_Id],[Trip_Name],[Trip_Details]) VALUES ('T01','Short journey','');
INSERT INTO Trip([Trip_Id],[Trip_Name],[Trip_Details]) VALUES ('T02','Long journey','');
--Cus-Trip
INSERT INTO [dbo].[Trip_Customer]([Customer_Id],[Trip_Id]) VALUES ('DTHUY','T02');
INSERT INTO [dbo].[Trip_Customer]([Customer_Id],[Trip_Id]) VALUES ('DTHUY','T01');
INSERT INTO [dbo].[Trip_Customer]([Customer_Id],[Trip_Id]) VALUES ('TTT','T02');
INSERT INTO [dbo].[Trip_Customer]([Customer_Id],[Trip_Id]) VALUES ('TTT','T01');
INSERT INTO [dbo].[Trip_Customer]([Customer_Id],[Trip_Id]) VALUES ('TTP','T02');
INSERT INTO [dbo].[Trip_Customer]([Customer_Id],[Trip_Id]) VALUES ('TTP','T01');
INSERT INTO [dbo].[Trip_Customer]([Customer_Id],[Trip_Id]) VALUES ('NAT','T01');
INSERT INTO [dbo].[Trip_Customer]([Customer_Id],[Trip_Id]) VALUES ('NAT1','T02');
INSERT INTO [dbo].[Trip_Customer]([Customer_Id],[Trip_Id]) VALUES ('OTML','T01');
INSERT INTO [dbo].[Trip_Customer]([Customer_Id],[Trip_Id]) VALUES ('OTML','T02');
INSERT INTO [dbo].[Trip_Customer]([Customer_Id],[Trip_Id]) VALUES ('LHH','T01');
INSERT INTO [dbo].[Trip_Customer]([Customer_Id],[Trip_Id]) VALUES ('LHH','T02');
INSERT INTO [dbo].[Trip_Customer]([Customer_Id],[Trip_Id]) VALUES ('PNHS','T02');
INSERT INTO [dbo].[Trip_Customer]([Customer_Id],[Trip_Id]) VALUES ('PNHS','T01');
INSERT INTO [dbo].[Trip_Customer]([Customer_Id],[Trip_Id]) VALUES ('TTP1','T02');
INSERT INTO [dbo].[Trip_Customer]([Customer_Id],[Trip_Id]) VALUES ('TTP1','T01');
INSERT INTO [dbo].[Trip_Customer]([Customer_Id],[Trip_Id]) VALUES ('NTYN','T02');
INSERT INTO [dbo].[Trip_Customer]([Customer_Id],[Trip_Id]) VALUES ('NTYN','T01');
INSERT INTO [dbo].[Trip_Customer]([Customer_Id],[Trip_Id]) VALUES ('NTYN1','T01');
INSERT INTO [dbo].[Trip_Customer]([Customer_Id],[Trip_Id]) VALUES ('NTYN1','T02');
INSERT INTO [dbo].[Trip_Customer]([Customer_Id],[Trip_Id]) VALUES ('NTYN2','T02');
INSERT INTO [dbo].[Trip_Customer]([Customer_Id],[Trip_Id]) VALUES ('NTYN2','T01');
INSERT INTO [dbo].[Trip_Customer]([Customer_Id],[Trip_Id]) VALUES ('NTYN3','T02');
INSERT INTO [dbo].[Trip_Customer]([Customer_Id],[Trip_Id]) VALUES ('NTYN3','T01');
--Trip_Tour
INSERT INTO [dbo].[Trip_TouristSpot]([Trip_Id],[TouristSpot_Id]) VALUES('T01','TS1');
INSERT INTO [dbo].[Trip_TouristSpot]([Trip_Id],[TouristSpot_Id]) VALUES('T02','TS1');
INSERT INTO [dbo].[Trip_TouristSpot]([Trip_Id],[TouristSpot_Id]) VALUES('T01','TS2');

--Restaurent

INSERT INTO Restaurants([Restaurant_Code],[Restaurant_Name],[Restaurant_Address],[Restaurant_Description],[TouristSpot_Id]) VALUES('RTR1','Southern restaurant','48 Hai Ba Trung - Region 1, Ninh Kieu District, Can Tho, Vietnam','Bar on the central district and the need for security work, several times in the poem, but this is my first time to go to the bar, but not wide Qu m m space comfortable, waiter warm quickly, called three points: Sour Shrimp Soup, vegetables, pig Baohua * It should be said that it is a very tasty dish, but the taste of white rice is delicious, but the delicious food is good and cheap.','TS1');
INSERT INTO Restaurants([Restaurant_Code],[Restaurant_Name],[Restaurant_Address],[Restaurant_Description],[TouristSpot_Id]) VALUES('RTR2','Southern restaurant','48 Hai Ba Trung - Region 1, Ninh Kieu District, Can Tho, Vietnam','Bar on the central district and the need for security work, several times in the poem, but this is my first time to go to the bar, but not wide Qu m m space comfortable, waiter warm quickly, called three points: Sour Shrimp Soup, vegetables, pig Baohua * It should be said that it is a very tasty dish, but the taste of white rice is delicious, but the delicious food is good and cheap.','TS1');
INSERT INTO Restaurants([Restaurant_Code],[Restaurant_Name],[Restaurant_Address],[Restaurant_Description],[TouristSpot_Id]) VALUES('RTR3','Southern restaurant','48 Hai Ba Trung - Region 1, Ninh Kieu District, Can Tho, Vietnam','Bar on the central district and the need for security work, several times in the poem, but this is my first time to go to the bar, but not wide Qu m m space comfortable, waiter warm quickly, called three points: Sour Shrimp Soup, vegetables, pig Baohua * It should be said that it is a very tasty dish, but the taste of white rice is delicious, but the delicious food is good and cheap.','TS1');
INSERT INTO Restaurants([Restaurant_Code],[Restaurant_Name],[Restaurant_Address],[Restaurant_Description],[TouristSpot_Id]) VALUES('RTR4','Southern restaurant','48 Hai Ba Trung - Region 1, Ninh Kieu District, Can Tho, Vietnam','Bar on the central district and the need for security work, several times in the poem, but this is my first time to go to the bar, but not wide Qu m m space comfortable, waiter warm quickly, called three points: Sour Shrimp Soup, vegetables, pig Baohua * It should be said that it is a very tasty dish, but the taste of white rice is delicious, but the delicious food is good and cheap.','TS1');
INSERT INTO Restaurants([Restaurant_Code],[Restaurant_Name],[Restaurant_Address],[Restaurant_Description],[TouristSpot_Id]) VALUES('RTR5','Southern restaurant','48 Hai Ba Trung - Region 1, Ninh Kieu District, Can Tho, Vietnam','Bar on the central district and the need for security work, several times in the poem, but this is my first time to go to the bar, but not wide Qu m m space comfortable, waiter warm quickly, called three points: Sour Shrimp Soup, vegetables, pig Baohua * It should be said that it is a very tasty dish, but the taste of white rice is delicious, but the delicious food is good and cheap.','TS1');
INSERT INTO Restaurants([Restaurant_Code],[Restaurant_Name],[Restaurant_Address],[Restaurant_Description],[TouristSpot_Id]) VALUES('RTR6','Southern restaurant','48 Hai Ba Trung - Region 1, Ninh Kieu District, Can Tho, Vietnam','Bar on the central district and the need for security work, several times in the poem, but this is my first time to go to the bar, but not wide Qu m m space comfortable, waiter warm quickly, called three points: Sour Shrimp Soup, vegetables, pig Baohua * It should be said that it is a very tasty dish, but the taste of white rice is delicious, but the delicious food is good and cheap.','TS1');
INSERT INTO Restaurants([Restaurant_Code],[Restaurant_Name],[Restaurant_Address],[Restaurant_Description],[TouristSpot_Id]) VALUES('RTR7','Southern restaurant','48 Hai Ba Trung - Region 1, Ninh Kieu District, Can Tho, Vietnam','Bar on the central district and the need for security work, several times in the poem, but this is my first time to go to the bar, but not wide Qu m m space comfortable, waiter warm quickly, called three points: Sour Shrimp Soup, vegetables, pig Baohua * It should be said that it is a very tasty dish, but the taste of white rice is delicious, but the delicious food is good and cheap.','TS1');
INSERT INTO Restaurants([Restaurant_Code],[Restaurant_Name],[Restaurant_Address],[Restaurant_Description],[TouristSpot_Id]) VALUES('RTR8','Southern restaurant','48 Hai Ba Trung - Region 1, Ninh Kieu District, Can Tho, Vietnam','Bar on the central district and the need for security work, several times in the poem, but this is my first time to go to the bar, but not wide Qu m m space comfortable, waiter warm quickly, called three points: Sour Shrimp Soup, vegetables, pig Baohua * It should be said that it is a very tasty dish, but the taste of white rice is delicious, but the delicious food is good and cheap.','TS1');
INSERT INTO Restaurants([Restaurant_Code],[Restaurant_Name],[Restaurant_Address],[Restaurant_Description],[TouristSpot_Id]) VALUES('RTR9','Southern restaurant','48 Hai Ba Trung - Region 1, Ninh Kieu District, Can Tho, Vietnam','Bar on the central district and the need for security work, several times in the poem, but this is my first time to go to the bar, but not wide Qu m m space comfortable, waiter warm quickly, called three points: Sour Shrimp Soup, vegetables, pig Baohua * It should be said that it is a very tasty dish, but the taste of white rice is delicious, but the delicious food is good and cheap.','TS1');
INSERT INTO Restaurants([Restaurant_Code],[Restaurant_Name],[Restaurant_Address],[Restaurant_Description],[TouristSpot_Id]) VALUES('RTR10','Southern restaurant','48 Hai Ba Trung - Region 1, Ninh Kieu District, Can Tho, Vietnam','Bar on the central district and the need for security work, several times in the poem, but this is my first time to go to the bar, but not wide Qu m m space comfortable, waiter warm quickly, called three points: Sour Shrimp Soup, vegetables, pig Baohua * It should be said that it is a very tasty dish, but the taste of white rice is delicious, but the delicious food is good and cheap.','TS1');
INSERT INTO Restaurants([Restaurant_Code],[Restaurant_Name],[Restaurant_Address],[Restaurant_Description],[TouristSpot_Id]) VALUES('RTR11','Southern restaurant','48 Hai Ba Trung - Region 1, Ninh Kieu District, Can Tho, Vietnam','Bar on the central district and the need for security work, several times in the poem, but this is my first time to go to the bar, but not wide Qu m m space comfortable, waiter warm quickly, called three points: Sour Shrimp Soup, vegetables, pig Baohua * It should be said that it is a very tasty dish, but the taste of white rice is delicious, but the delicious food is good and cheap.','TS1');
INSERT INTO Restaurants([Restaurant_Code],[Restaurant_Name],[Restaurant_Address],[Restaurant_Description],[TouristSpot_Id]) VALUES('RTR12','Southern restaurant','48 Hai Ba Trung - Region 1, Ninh Kieu District, Can Tho, Vietnam','Bar on the central district and the need for security work, several times in the poem, but this is my first time to go to the bar, but not wide Qu m m space comfortable, waiter warm quickly, called three points: Sour Shrimp Soup, vegetables, pig Baohua * It should be said that it is a very tasty dish, but the taste of white rice is delicious, but the delicious food is good and cheap.','TS1');
INSERT INTO Restaurants([Restaurant_Code],[Restaurant_Name],[Restaurant_Address],[Restaurant_Description],[TouristSpot_Id]) VALUES('RTR13','Southern restaurant','48 Hai Ba Trung - Region 1, Ninh Kieu District, Can Tho, Vietnam','Bar on the central district and the need for security work, several times in the poem, but this is my first time to go to the bar, but not wide Qu m m space comfortable, waiter warm quickly, called three points: Sour Shrimp Soup, vegetables, pig Baohua * It should be said that it is a very tasty dish, but the taste of white rice is delicious, but the delicious food is good and cheap.','TS1');
INSERT INTO Restaurants([Restaurant_Code],[Restaurant_Name],[Restaurant_Address],[Restaurant_Description],[TouristSpot_Id]) VALUES('RTR14','Southern restaurant','48 Hai Ba Trung - Region 1, Ninh Kieu District, Can Tho, Vietnam','Bar on the central district and the need for security work, several times in the poem, but this is my first time to go to the bar, but not wide Qu m m space comfortable, waiter warm quickly, called three points: Sour Shrimp Soup, vegetables, pig Baohua * It should be said that it is a very tasty dish, but the taste of white rice is delicious, but the delicious food is good and cheap.','TS1');
INSERT INTO Restaurants([Restaurant_Code],[Restaurant_Name],[Restaurant_Address],[Restaurant_Description],[TouristSpot_Id]) VALUES('RTR15','Southern restaurant','48 Hai Ba Trung - Region 1, Ninh Kieu District, Can Tho, Vietnam','Bar on the central district and the need for security work, several times in the poem, but this is my first time to go to the bar, but not wide Qu m m space comfortable, waiter warm quickly, called three points: Sour Shrimp Soup, vegetables, pig Baohua * It should be said that it is a very tasty dish, but the taste of white rice is delicious, but the delicious food is good and cheap.','TS1');
INSERT INTO Restaurants([Restaurant_Code],[Restaurant_Name],[Restaurant_Address],[Restaurant_Description],[TouristSpot_Id]) VALUES('RTR16','Southern restaurant','48 Hai Ba Trung - Region 1, Ninh Kieu District, Can Tho, Vietnam','Bar on the central district and the need for security work, several times in the poem, but this is my first time to go to the bar, but not wide Qu m m space comfortable, waiter warm quickly, called three points: Sour Shrimp Soup, vegetables, pig Baohua * It should be said that it is a very tasty dish, but the taste of white rice is delicious, but the delicious food is good and cheap.','TS1');
INSERT INTO Restaurants([Restaurant_Code],[Restaurant_Name],[Restaurant_Address],[Restaurant_Description],[TouristSpot_Id]) VALUES('RTR17','Southern restaurant','48 Hai Ba Trung - Region 1, Ninh Kieu District, Can Tho, Vietnam','Bar on the central district and the need for security work, several times in the poem, but this is my first time to go to the bar, but not wide Qu m m space comfortable, waiter warm quickly, called three points: Sour Shrimp Soup, vegetables, pig Baohua * It should be said that it is a very tasty dish, but the taste of white rice is delicious, but the delicious food is good and cheap.','TS1');
INSERT INTO Restaurants([Restaurant_Code],[Restaurant_Name],[Restaurant_Address],[Restaurant_Description],[TouristSpot_Id]) VALUES('RTR18','Southern restaurant','48 Hai Ba Trung - Region 1, Ninh Kieu District, Can Tho, Vietnam','Bar on the central district and the need for security work, several times in the poem, but this is my first time to go to the bar, but not wide Qu m m space comfortable, waiter warm quickly, called three points: Sour Shrimp Soup, vegetables, pig Baohua * It should be said that it is a very tasty dish, but the taste of white rice is delicious, but the delicious food is good and cheap.','TS1');
INSERT INTO Restaurants([Restaurant_Code],[Restaurant_Name],[Restaurant_Address],[Restaurant_Description],[TouristSpot_Id]) VALUES('RTR21','Southern restaurant','48 Hai Ba Trung - Region 1, Ninh Kieu District, Can Tho, Vietnam','Bar on the central district and the need for security work, several times in the poem, but this is my first time to go to the bar, but not wide Qu m m space comfortable, waiter warm quickly, called three points: Sour Shrimp Soup, vegetables, pig Baohua * It should be said that it is a very tasty dish, but the taste of white rice is delicious, but the delicious food is good and cheap.','TS1');
INSERT INTO Restaurants([Restaurant_Code],[Restaurant_Name],[Restaurant_Address],[Restaurant_Description],[TouristSpot_Id]) VALUES('RTR19','Southern restaurant','48 Hai Ba Trung - Region 1, Ninh Kieu District, Can Tho, Vietnam','Bar on the central district and the need for security work, several times in the poem, but this is my first time to go to the bar, but not wide Qu m m space comfortable, waiter warm quickly, called three points: Sour Shrimp Soup, vegetables, pig Baohua * It should be said that it is a very tasty dish, but the taste of white rice is delicious, but the delicious food is good and cheap.','TS1');
INSERT INTO Restaurants([Restaurant_Code],[Restaurant_Name],[Restaurant_Address],[Restaurant_Description],[TouristSpot_Id]) VALUES('RTR20','Southern restaurant','48 Hai Ba Trung - Region 1, Ninh Kieu District, Can Tho, Vietnam','Bar on the central district and the need for security work, several times in the poem, but this is my first time to go to the bar, but not wide Qu m m space comfortable, waiter warm quickly, called three points: Sour Shrimp Soup, vegetables, pig Baohua * It should be said that it is a very tasty dish, but the taste of white rice is delicious, but the delicious food is good and cheap.','TS1');
--Food
Insert into Foods([Food_Code],[Food_Name],[Food_Cost],[Food_Specific],[Restaurant_Code]) values('F0001','Fresh seafood',4500000,'','RTR1');
Insert into Foods([Food_Code],[Food_Name],[Food_Cost],[Food_Specific],[Restaurant_Code]) values('F0002','Fresh seafood',4500000,'','RTR1');
Insert into Foods([Food_Code],[Food_Name],[Food_Cost],[Food_Specific],[Restaurant_Code]) values('F0003','Fresh seafood',4500000,'','RTR1');
Insert into Foods([Food_Code],[Food_Name],[Food_Cost],[Food_Specific],[Restaurant_Code]) values('F0004','Fresh seafood',4500000,'','RTR1');
Insert into Foods([Food_Code],[Food_Name],[Food_Cost],[Food_Specific],[Restaurant_Code]) values('F0005','Fresh seafood',4500000,'','RTR1');
Insert into Foods([Food_Code],[Food_Name],[Food_Cost],[Food_Specific],[Restaurant_Code]) values('F0006','Fresh seafood',4500000,'','RTR1');
Insert into Foods([Food_Code],[Food_Name],[Food_Cost],[Food_Specific],[Restaurant_Code]) values('F0007','Fresh seafood',4500000,'','RTR1');
Insert into Foods([Food_Code],[Food_Name],[Food_Cost],[Food_Specific],[Restaurant_Code]) values('F0008','Fresh seafood',4500000,'','RTR1');
Insert into Foods([Food_Code],[Food_Name],[Food_Cost],[Food_Specific],[Restaurant_Code]) values('F0009','Fresh seafood',4500000,'','RTR1');
Insert into Foods([Food_Code],[Food_Name],[Food_Cost],[Food_Specific],[Restaurant_Code]) values('F0010','Fresh seafood',4500000,'','RTR1');
Insert into Foods([Food_Code],[Food_Name],[Food_Cost],[Food_Specific],[Restaurant_Code]) values('F0011','Fresh seafood',4500000,'','RTR1');
Insert into Foods([Food_Code],[Food_Name],[Food_Cost],[Food_Specific],[Restaurant_Code]) values('F0012','Fresh seafood',4500000,'','RTR1');
Insert into Foods([Food_Code],[Food_Name],[Food_Cost],[Food_Specific],[Restaurant_Code]) values('F0013','Fresh seafood',4500000,'','RTR1');
Insert into Foods([Food_Code],[Food_Name],[Food_Cost],[Food_Specific],[Restaurant_Code]) values('F0014','Fresh seafood',4500000,'','RTR1');
Insert into Foods([Food_Code],[Food_Name],[Food_Cost],[Food_Specific],[Restaurant_Code]) values('F0015','Fresh seafood',4500000,'','RTR1');
Insert into Foods([Food_Code],[Food_Name],[Food_Cost],[Food_Specific],[Restaurant_Code]) values('F0016','Fresh seafood',4500000,'','RTR1');
Insert into Foods([Food_Code],[Food_Name],[Food_Cost],[Food_Specific],[Restaurant_Code]) values('F0017','Fresh seafood',4500000,'','RTR1');
Insert into Foods([Food_Code],[Food_Name],[Food_Cost],[Food_Specific],[Restaurant_Code]) values('F0018','Fresh seafood',4500000,'','RTR1');
Insert into Foods([Food_Code],[Food_Name],[Food_Cost],[Food_Specific],[Restaurant_Code]) values('F0019','Fresh seafood',4500000,'','RTR1');
Insert into Foods([Food_Code],[Food_Name],[Food_Cost],[Food_Specific],[Restaurant_Code]) values('F0020','Fresh seafood',4500000,'','RTR1');
Insert into Foods([Food_Code],[Food_Name],[Food_Cost],[Food_Specific],[Restaurant_Code]) values('F0021','Fresh seafood',4500000,'','RTR1');
Insert into Foods([Food_Code],[Food_Name],[Food_Cost],[Food_Specific],[Restaurant_Code]) values('F0022','Fresh seafood',4500000,'','RTR1');
Insert into Foods([Food_Code],[Food_Name],[Food_Cost],[Food_Specific],[Restaurant_Code]) values('F0023','Fresh seafood',4500000,'','RTR1');
Insert into Foods([Food_Code],[Food_Name],[Food_Cost],[Food_Specific],[Restaurant_Code]) values('F0024','Fresh seafood',4500000,'','RTR1');
--Transporttations
Insert into [dbo].[Transportations]([Transportation_Id],[Transportation_Name],[TouristSpot_Id])values('TSTT001','Train','TS1');
Insert into [dbo].[Transportations]([Transportation_Id],[Transportation_Name],[TouristSpot_Id])values('TSTT002','Train','TS1');
Insert into [dbo].[Transportations]([Transportation_Id],[Transportation_Name],[TouristSpot_Id])values('TSTT003','Train','TS1');
Insert into [dbo].[Transportations]([Transportation_Id],[Transportation_Name],[TouristSpot_Id])values('TSTT004','Train','TS1');
Insert into [dbo].[Transportations]([Transportation_Id],[Transportation_Name],[TouristSpot_Id])values('TSTT005','Train','TS1');
Insert into [dbo].[Transportations]([Transportation_Id],[Transportation_Name],[TouristSpot_Id])values('TSTT006','Train','TS1');
Insert into [dbo].[Transportations]([Transportation_Id],[Transportation_Name],[TouristSpot_Id])values('TSTT007','Train','TS1');
Insert into [dbo].[Transportations]([Transportation_Id],[Transportation_Name],[TouristSpot_Id])values('TSTT008','Train','TS1');
Insert into [dbo].[Transportations]([Transportation_Id],[Transportation_Name],[TouristSpot_Id])values('TSTT009','Train','TS1');
Insert into [dbo].[Transportations]([Transportation_Id],[Transportation_Name],[TouristSpot_Id])values('TSTT010','Train','TS1');
Insert into [dbo].[Transportations]([Transportation_Id],[Transportation_Name],[TouristSpot_Id])values('TSTT011','Train','TS1');
--Vihicle
Insert into [dbo].[Vihicle]([Vihicle_Id],[Vihicle_Name],[Vihicle_Weight],[Transportation_Id])values('V001','Steam train',500,'TSTT011');
Insert into [dbo].[Vihicle]([Vihicle_Id],[Vihicle_Name],[Vihicle_Weight],[Transportation_Id])values('V002','Steam train',500,'TSTT011');
Insert into [dbo].[Vihicle]([Vihicle_Id],[Vihicle_Name],[Vihicle_Weight],[Transportation_Id])values('V003','Steam train',500,'TSTT011');
Insert into [dbo].[Vihicle]([Vihicle_Id],[Vihicle_Name],[Vihicle_Weight],[Transportation_Id])values('V004','Steam train',500,'TSTT011');
Insert into [dbo].[Vihicle]([Vihicle_Id],[Vihicle_Name],[Vihicle_Weight],[Transportation_Id])values('V005','Steam train',500,'TSTT011');
Insert into [dbo].[Vihicle]([Vihicle_Id],[Vihicle_Name],[Vihicle_Weight],[Transportation_Id])values('V006','Steam train',500,'TSTT011');
Insert into [dbo].[Vihicle]([Vihicle_Id],[Vihicle_Name],[Vihicle_Weight],[Transportation_Id])values('V007','Steam train',500,'TSTT011');
Insert into [dbo].[Vihicle]([Vihicle_Id],[Vihicle_Name],[Vihicle_Weight],[Transportation_Id])values('V008','Steam train',500,'TSTT011');
Insert into [dbo].[Vihicle]([Vihicle_Id],[Vihicle_Name],[Vihicle_Weight],[Transportation_Id])values('V009','Steam train',500,'TSTT011');
Insert into [dbo].[Vihicle]([Vihicle_Id],[Vihicle_Name],[Vihicle_Weight],[Transportation_Id])values('V0010','Steam train',500,'TSTT011');
Insert into [dbo].[Vihicle]([Vihicle_Id],[Vihicle_Name],[Vihicle_Weight],[Transportation_Id])values('V0011','Steam train',500,'TSTT011');
Insert into [dbo].[Vihicle]([Vihicle_Id],[Vihicle_Name],[Vihicle_Weight],[Transportation_Id])values('V0012','Steam train',500,'TSTT011');
Insert into [dbo].[Vihicle]([Vihicle_Id],[Vihicle_Name],[Vihicle_Weight],[Transportation_Id])values('V0013','Steam train',500,'TSTT011');
Insert into [dbo].[Vihicle]([Vihicle_Id],[Vihicle_Name],[Vihicle_Weight],[Transportation_Id])values('V0014','Steam train',500,'TSTT011');
--Insert FeedBack
INSERT INTO Feedback([SenderName],[SenderMail],[FeedBackTitle],[FeedBackContent]) Values(N'Mr Trần Trung Phong ','ttphong@gmail.com.vn','Vihicle','Vihicle is very Badly');
INSERT INTO Feedback([SenderName],[SenderMail],[FeedBackTitle],[FeedBackContent]) Values(N'Mr Trần Trung Phong ','ttphong@gmail.com.vn','Vihicle','Vihicle is very Badly');
INSERT INTO Feedback([SenderName],[SenderMail],[FeedBackTitle],[FeedBackContent]) Values(N'Mr Trần Trung Phong ','ttphong@gmail.com.vn','Vihicle','Vihicle is very Badly');
INSERT INTO Feedback([SenderName],[SenderMail],[FeedBackTitle],[FeedBackContent]) Values(N'Mr Trần Trung Phong ','ttphong@gmail.com.vn','Vihicle','Vihicle is very Badly');
INSERT INTO Feedback([SenderName],[SenderMail],[FeedBackTitle],[FeedBackContent]) Values(N'Mr Trần Trung Phong ','ttphong@gmail.com.vn','Vihicle','Vihicle is very Badly');
INSERT INTO Feedback([SenderName],[SenderMail],[FeedBackTitle],[FeedBackContent]) Values(N'Mr Trần Trung Phong ','ttphong@gmail.com.vn','Vihicle','Vihicle is very Badly');
INSERT INTO Feedback([SenderName],[SenderMail],[FeedBackTitle],[FeedBackContent]) Values(N'Mr Trần Trung Phong ','ttphong@gmail.com.vn','Vihicle','Vihicle is very Badly');
INSERT INTO Feedback([SenderName],[SenderMail],[FeedBackTitle],[FeedBackContent]) Values(N'Mr Trần Trung Phong ','ttphong@gmail.com.vn','Vihicle','Vihicle is very Badly');
INSERT INTO Feedback([SenderName],[SenderMail],[FeedBackTitle],[FeedBackContent]) Values(N'Mr Trần Trung Phong ','ttphong@gmail.com.vn','Vihicle','Vihicle is very Badly');
INSERT INTO Feedback([SenderName],[SenderMail],[FeedBackTitle],[FeedBackContent]) Values(N'Mr Trần Trung Phong ','ttphong@gmail.com.vn','Vihicle','Vihicle is very Badly');
INSERT INTO Feedback([SenderName],[SenderMail],[FeedBackTitle],[FeedBackContent]) Values(N'Mr Trần Trung Phong ','ttphong@gmail.com.vn','Vihicle','Vihicle is very Badly');
INSERT INTO Feedback([SenderName],[SenderMail],[FeedBackTitle],[FeedBackContent]) Values(N'Mr Phạm Nguyễn Hoàng Sơn ','ttphong@gmail.com.vn','Hotels','The hotel is too dirty');
INSERT INTO Feedback([SenderName],[SenderMail],[FeedBackTitle],[FeedBackContent]) Values(N'Mr Phạm Nguyễn Hoàng Sơn ','ttphong@gmail.com.vn','Hotels','The hotel is too dirty');
INSERT INTO Feedback([SenderName],[SenderMail],[FeedBackTitle],[FeedBackContent]) Values(N'Mr Phạm Nguyễn Hoàng Sơn ','ttphong@gmail.com.vn','Hotels','The hotel is too dirty');
INSERT INTO Feedback([SenderName],[SenderMail],[FeedBackTitle],[FeedBackContent]) Values(N'Mr Phạm Nguyễn Hoàng Sơn ','ttphong@gmail.com.vn','Hotels','The hotel is too dirty');
INSERT INTO Feedback([SenderName],[SenderMail],[FeedBackTitle],[FeedBackContent]) Values(N'Mr Phạm Nguyễn Hoàng Sơn ','ttphong@gmail.com.vn','Hotels','The hotel is too dirty');
INSERT INTO Feedback([SenderName],[SenderMail],[FeedBackTitle],[FeedBackContent]) Values(N'Mr Phạm Nguyễn Hoàng Sơn ','ttphong@gmail.com.vn','Hotels','The hotel is too dirty');
INSERT INTO Feedback([SenderName],[SenderMail],[FeedBackTitle],[FeedBackContent]) Values(N'Mr Phạm Nguyễn Hoàng Sơn ','ttphong@gmail.com.vn','Hotels','The hotel is too dirty');
INSERT INTO Feedback([SenderName],[SenderMail],[FeedBackTitle],[FeedBackContent]) Values(N'Mr Phạm Nguyễn Hoàng Sơn ','ttphong@gmail.com.vn','Hotels','The hotel is too dirty');
INSERT INTO Feedback([SenderName],[SenderMail],[FeedBackTitle],[FeedBackContent]) Values(N'Mr Phạm Nguyễn Hoàng Sơn ','ttphong@gmail.com.vn','Hotels','The hotel is too dirty');
INSERT INTO Feedback([SenderName],[SenderMail],[FeedBackTitle],[FeedBackContent]) Values(N'Mr Phạm Nguyễn Hoàng Sơn ','ttphong@gmail.com.vn','Hotels','The hotel is too dirty');
INSERT INTO Feedback([SenderName],[SenderMail],[FeedBackTitle],[FeedBackContent]) Values(N'Mr Phạm Nguyễn Hoàng Sơn ','ttphong@gmail.com.vn','Hotels','The hotel is too dirty');
INSERT INTO Feedback([SenderName],[SenderMail],[FeedBackTitle],[FeedBackContent]) Values(N'Mr Phạm Nguyễn Hoàng Sơn ','ttphong@gmail.com.vn','Hotels','The hotel is too dirty');
INSERT INTO Feedback([SenderName],[SenderMail],[FeedBackTitle],[FeedBackContent]) Values(N'Mr Phạm Nguyễn Hoàng Sơn ','ttphong@gmail.com.vn','Hotels','The hotel is too dirty');
INSERT INTO Feedback([SenderName],[SenderMail],[FeedBackTitle],[FeedBackContent]) Values(N'Mr Phạm Nguyễn Hoàng Sơn ','ttphong@gmail.com.vn','Hotels','The hotel is too dirty');
INSERT INTO Feedback([SenderName],[SenderMail],[FeedBackTitle],[FeedBackContent]) Values(N'Mr Phạm Nguyễn Hoàng Sơn ','ttphong@gmail.com.vn','Hotels','The hotel is too dirty');
INSERT INTO Feedback([SenderName],[SenderMail],[FeedBackTitle],[FeedBackContent]) Values(N'Mr Phạm Nguyễn Hoàng Sơn ','ttphong@gmail.com.vn','Hotels','The hotel is too dirty');
INSERT INTO Feedback([SenderName],[SenderMail],[FeedBackTitle],[FeedBackContent]) Values(N'Mr Phạm Nguyễn Hoàng Sơn ','ttphong@gmail.com.vn','Hotels','The hotel is too dirty');
INSERT INTO Feedback([SenderName],[SenderMail],[FeedBackTitle],[FeedBackContent]) Values(N'Mr Đặng Tuấn Huy ','dthuya17007@cusc.com.vn','Hotels','The hotel`s bedrooms has a mouse');
INSERT INTO Feedback([SenderName],[SenderMail],[FeedBackTitle],[FeedBackContent]) Values(N'Mr Đặng Tuấn Huy ','dthuya17007@cusc.com.vn','Hotels','The hotel`s bedrooms has a mouse');
INSERT INTO Feedback([SenderName],[SenderMail],[FeedBackTitle],[FeedBackContent]) Values(N'Mr Đặng Tuấn Huy ','dthuya17007@cusc.com.vn','Hotels','The hotel`s bedrooms has a mouse');
INSERT INTO Feedback([SenderName],[SenderMail],[FeedBackTitle],[FeedBackContent]) Values(N'Mr Đặng Tuấn Huy ','dthuya17007@cusc.com.vn','Hotels','The hotel`s bedrooms has a mouse');
INSERT INTO Feedback([SenderName],[SenderMail],[FeedBackTitle],[FeedBackContent]) Values(N'Mr Đặng Tuấn Huy ','dthuya17007@cusc.com.vn','Hotels','The hotel`s bedrooms has a mouse');
INSERT INTO Feedback([SenderName],[SenderMail],[FeedBackTitle],[FeedBackContent]) Values(N'Mr Đặng Tuấn Huy ','dthuya17007@cusc.com.vn','Hotels','The hotel`s bedrooms has a mouse');
INSERT INTO Feedback([SenderName],[SenderMail],[FeedBackTitle],[FeedBackContent]) Values(N'Mr Đặng Tuấn Huy ','dthuya17007@cusc.com.vn','Hotels','The hotel`s bedrooms has a mouse');
INSERT INTO Feedback([SenderName],[SenderMail],[FeedBackTitle],[FeedBackContent]) Values(N'Mr Đặng Tuấn Huy ','dthuya17007@cusc.com.vn','Hotels','The hotel`s bedrooms has a mouse');
INSERT INTO Feedback([SenderName],[SenderMail],[FeedBackTitle],[FeedBackContent]) Values(N'Mr Đặng Tuấn Huy ','dthuya17007@cusc.com.vn','Hotels','The hotel`s bedrooms has a mouse');
INSERT INTO Feedback([SenderName],[SenderMail],[FeedBackTitle],[FeedBackContent]) Values(N'Mr Đặng Tuấn Huy ','dthuya17007@cusc.com.vn','Hotels','The hotel`s bedrooms has a mouse');
INSERT INTO Feedback([SenderName],[SenderMail],[FeedBackTitle],[FeedBackContent]) Values(N'Mr Đặng Tuấn Huy ','dthuya17007@cusc.com.vn','Hotels','The hotel`s bedrooms has a mouse');
--Abouts
Insert Into [dbo].[Abouts]([AboutName],[AboutBirth],[AboutGender],[AboutLike]) values(N'Mr Đặng Tuấn Huy','1997-01-01',1,'C#,PHP, Laravel');
Insert Into [dbo].[Abouts]([AboutName],[AboutBirth],[AboutGender],[AboutLike]) values(N'Mr Trần Trung Phong','1997-01-01',1,'Java');
Insert Into [dbo].[Abouts]([AboutName],[AboutBirth],[AboutGender],[AboutLike]) values(N'Mr Phạm Nguyễn Hoàng Sơn','1998-01-01',1,'Angular');
Insert Into [dbo].[Abouts]([AboutName],[AboutBirth],[AboutGender],[AboutLike]) values(N'Miss Nguyễn Thị Yến Nhi','1995-01-01',0,'Designer');